ID,Title,URL,TLD,Window ID,Open Time
1945580384,"Chrome Extension: Sorting Windows and Exporting Tabs to CSV - Claude","https://claude.ai/chat/5894e7d7-31fe-40a5-952d-6b46c12e02bb",claude.ai,1945580383,2024-10-03T00:37:15.008Z
1945580386,"open-webui/open-webui: User-friendly WebUI for AI (Formerly Ollama WebUI)","https://github.com/open-webui/open-webui",github.com,1945580385,2024-10-03T00:37:15.008Z
1945580387,"openai/openai-realtime-console: React app for inspecting, building and debugging with the Realtime API","https://github.com/openai/openai-realtime-console",github.com,1945580385,2024-10-03T00:37:15.008Z
1945580388,"openai/openai-realtime-console: React app for inspecting, building and debugging with the Realtime API","https://github.com/openai/openai-realtime-console?tab=readme-ov-file",github.com,1945580385,2024-10-03T00:37:15.008Z
1945580389,"openai/openai-realtime-api-beta: Node.js + JavaScript reference client for the Realtime API (beta)","https://github.com/openai/openai-realtime-api-beta",github.com,1945580385,2024-10-03T00:37:15.008Z
1945580390,"twibiral/obsidian-execute-code: Obsidian Plugin to execute code in a note.","https://github.com/twibiral/obsidian-execute-code?tab=readme-ov-file",github.com,1945580385,2024-10-03T00:37:15.008Z
1945580391,"vasilecampeanu/obsidian-weaver: Weaver is a useful Obsidian plugin that integrates ChatGPT/GPT-3 into your note-taking workflow. This plugin makes it easy to access AI-generated suggestions and insights within Obsidian, helping you improve your writing and brainstorming process.","https://github.com/vasilecampeanu/obsidian-weaver",github.com,1945580385,2024-10-03T00:37:15.008Z
1945580392,"open-webui/open-webui: User-friendly WebUI for AI (Formerly Ollama WebUI)","https://github.com/open-webui/open-webui",github.com,1945580385,2024-10-03T00:37:15.008Z
1945580393,"openai/openai-realtime-console: React app for inspecting, building and debugging with the Realtime API","https://github.com/openai/openai-realtime-console",github.com,1945580385,2024-10-03T00:37:15.008Z
1945580394,"openai/openai-realtime-console: React app for inspecting, building and debugging with the Realtime API","https://github.com/openai/openai-realtime-console?tab=readme-ov-file",github.com,1945580385,2024-10-03T00:37:15.008Z
1945580395,"openai/openai-realtime-api-beta: Node.js + JavaScript reference client for the Realtime API (beta)","https://github.com/openai/openai-realtime-api-beta",github.com,1945580385,2024-10-03T00:37:15.008Z
1945580396,"twibiral/obsidian-execute-code: Obsidian Plugin to execute code in a note.","https://github.com/twibiral/obsidian-execute-code?tab=readme-ov-file",github.com,1945580385,2024-10-03T00:37:15.008Z
1945580397,"vasilecampeanu/obsidian-weaver: Weaver is a useful Obsidian plugin that integrates ChatGPT/GPT-3 into your note-taking workflow. This plugin makes it easy to access AI-generated suggestions and insights within Obsidian, helping you improve your writing and brainstorming process.","https://github.com/vasilecampeanu/obsidian-weaver",github.com,1945580385,2024-10-03T00:37:15.008Z
1945580399,"Hugging Face – The AI community building the future.","https://huggingface.co/",huggingface.co,1945580398,2024-10-03T00:37:15.008Z
1945580400,"Models - Hugging Face","https://huggingface.co/models?sort=trending",huggingface.co,1945580398,2024-10-03T00:37:15.008Z
1945580401,"Hugging Face – The AI community building the future.","https://huggingface.co/",huggingface.co,1945580398,2024-10-03T00:37:15.008Z
1945580402,"Models - Hugging Face","https://huggingface.co/models?sort=trending",huggingface.co,1945580398,2024-10-03T00:37:15.008Z
1945580404,"Learning to Reason with LLMs | OpenAI","https://openai.com/index/learning-to-reason-with-llms/",openai.com,1945580403,2024-10-03T00:37:15.008Z
1945580405,"Realtime API Overview - OpenAI API","https://platform.openai.com/docs/guides/realtime/integration?text-generation-quickstart-example=stream",openai.com,1945580403,2024-10-03T00:37:15.008Z
1945580406,"Introducing the Realtime API | OpenAI","https://openai.com/index/introducing-the-realtime-api/",openai.com,1945580403,2024-10-03T00:37:15.008Z
1945580407,"ChatGPT | OpenAI","https://openai.com/chatgpt/",openai.com,1945580403,2024-10-03T00:37:15.008Z
1945580408,"Assistants Playground - OpenAI API","https://platform.openai.com/playground/assistants?assistant=asst_cqDIrW70iNjjCnRUaDA4oyPD&thread=thread_5mIHKIwRWjQKdVriYWBJLWvP",openai.com,1945580403,2024-10-03T00:37:15.008Z
1945580409,"Learning to Reason with LLMs | OpenAI","https://openai.com/index/learning-to-reason-with-llms/",openai.com,1945580403,2024-10-03T00:37:15.008Z
1945580410,"Realtime API Overview - OpenAI API","https://platform.openai.com/docs/guides/realtime/integration?text-generation-quickstart-example=stream",openai.com,1945580403,2024-10-03T00:37:15.008Z
1945580411,"Introducing the Realtime API | OpenAI","https://openai.com/index/introducing-the-realtime-api/",openai.com,1945580403,2024-10-03T00:37:15.008Z
1945580412,"TTS Playground - OpenAI API","https://platform.openai.com/playground/tts",openai.com,1945580403,2024-10-03T00:37:15.008Z
1945580413,"OpenAI Cookbook","https://cookbook.openai.com/",openai.com,1945580403,2024-10-03T00:37:15.008Z
1945580414,"Pricing | OpenAI","https://openai.com/api/pricing/",openai.com,1945580403,2024-10-03T00:37:15.008Z
1945580415,"Assistants Playground - OpenAI API","https://platform.openai.com/playground/assistants?assistant=asst_cqDIrW70iNjjCnRUaDA4oyPD&thread=thread_Az3R1OQW9PpcdE8w1ww2fggu",openai.com,1945580403,2024-10-03T00:37:15.008Z
1945580417,"Guide: Obsidian with free, self-hosted, instant sync : r/selfhosted","https://www.reddit.com/r/selfhosted/comments/1eo7knj/guide_obsidian_with_free_selfhosted_instant_sync/",reddit.com,1945580416,2024-10-03T00:37:15.008Z
1945580418,"Self-Hosted Alternatives to Popular Services","https://www.reddit.com/r/selfhosted/",reddit.com,1945580416,2024-10-03T00:37:15.008Z
1945580419,"Execute Code in your notes! : r/ObsidianMD","https://www.reddit.com/r/ObsidianMD/comments/uv9blx/execute_code_in_your_notes/",reddit.com,1945580416,2024-10-03T00:37:15.008Z
1945580420,"The Best Way to Integrate ChatGPT Inside Obsidian : r/ObsidianMD","https://www.reddit.com/r/ObsidianMD/comments/12v6ccl/the_best_way_to_integrate_chatgpt_inside_obsidian/#lightbox",reddit.com,1945580416,2024-10-03T00:37:15.008Z
1945580421,"Guide: Obsidian with free, self-hosted, instant sync : r/selfhosted","https://www.reddit.com/r/selfhosted/comments/1eo7knj/guide_obsidian_with_free_selfhosted_instant_sync/",reddit.com,1945580416,2024-10-03T00:37:15.008Z
1945580422,"Self-Hosted Alternatives to Popular Services","https://www.reddit.com/r/selfhosted/",reddit.com,1945580416,2024-10-03T00:37:15.008Z
1945580423,"Execute Code in your notes! : r/ObsidianMD","https://www.reddit.com/r/ObsidianMD/comments/uv9blx/execute_code_in_your_notes/",reddit.com,1945580416,2024-10-03T00:37:15.008Z
1945580424,"The Best Way to Integrate ChatGPT Inside Obsidian : r/ObsidianMD","https://www.reddit.com/r/ObsidianMD/comments/12v6ccl/the_best_way_to_integrate_chatgpt_inside_obsidian/#lightbox",reddit.com,1945580416,2024-10-03T00:37:15.008Z